id;dptnum;dptcod;dptlib;dptnbrsen;dptmodscrsen;dptser;regcod;dptnumtri;dptcodsirpas;dptlic;dptart;dptlibtri;temvalcod;evelic;evelib;evelil;eveobs;dptser_2004;dptcmt;dptcmtaff;dptdatdeb;dptdatfin;evetempub;dpturlcmp;dptminintcod;syscredat;syscrelog;sysmajdat;sysmajlog
1;Steel Officer;moratorium;Gorgeous payment;32884;Persevering metrics Licensed;Mission SSL;azure port;82953;global real-time;Money Market Account Vision-oriented Books;calculating Human users;hard drive;green generate;Shirt USB;Concrete Won neural;Handcrafted array;payment;structure Plastic backing up;Silver Hat bluetooth;bus standardization XSS;2020-07-20;2020-07-19;back-end;Specialist;Bedfordshire;2020-07-20;program B2C seize;2020-07-19;bypass program architectures
2;Creative transparent leading-edge;Central Plastic;engineer;84638;Intranet Consultant;haptic;initiatives transform indexing;11704;Handcrafted Cotton Mouse architect;pink Chips Direct;auxiliary adapter;Borders Grocery Shirt;Mouse;Spurs Cambridgeshire;US Dollar generate copy;Fresh payment Sleek Cotton Chair;index violet;Security Automated Wisconsin;Shoes;Dynamic CSS Nauru;2020-07-19;2020-07-19;Turkmenistan SQL;Sleek Monaco Outdoors;ADP Response focus group;2020-07-19;withdrawal;2020-07-19;Plastic
3;Corporate paradigms tertiary;scalable invoice bypass;Gloves Representative panel;13423;parallelism;array Principal;Sleek;65888;users Health Hawaii;EXE;Fall;Gardens Markets;logistical;connecting Practical;Austria Steel;Functionality Intelligent Rubber Chicken;Savings Account Response;Assistant;throughput Supervisor Web;Fantastic Frozen Chair Refined Gloves;2020-07-19;2020-07-19;Personal Loan Account;tan Assurance;Direct relationships;2020-07-19;directional;2020-07-19;infomediaries
4;Infrastructure array Polarised;program;magnetic;3092;middleware hardware Credit Card Account;Corner parse;Adaptive Cambridgeshire;72332;deposit bricks-and-clicks driver;card;fuchsia e-services;dynamic;mobile Fresh;Norway;Strategist Corporate;Berkshire plug-and-play mobile;Austria Soft;withdrawal;Missouri;cultivate Savings Account feed;2020-07-20;2020-07-19;panel Haven;value-added Cambridgeshire Dynamic;haptic Administrator withdrawal;2020-07-19;Surinam Dollar;2020-07-19;online Personal Loan Account Developer
5;Jewelery;Investment Account Movies;hard drive application;19978;olive;indexing North Carolina;Arizona South Carolina Frozen;18642;Legacy Neck Springs;Savings Account Alaska;invoice dynamic;Bulgarian Lev;Pizza cyan circuit;invoice;matrix Palau;tan override National;Alaska New Jersey;Kina;Electronics Afghani Cambridgeshire;Future Handmade Concrete Table;2020-07-19;2020-07-19;Walks Bulgaria Dynamic;Keyboard Checking Account New Israeli Sheqel;navigate Balanced Synergized;2020-07-19;Money Market Account Metrics bricks-and-clicks;2020-07-19;Executive Course Brook
6;system applications Burkina Faso;Gorgeous Plastic Computer bypassing Accounts;Awesome Steel Fish;80394;Developer;parse;Nigeria Communications invoice;86045;Croatia;Music Berkshire;Soft Assurance Rustic;TCP synthesizing;even-keeled plug-and-play approach;interfaces Palau;Wisconsin interface user-facing;Tasty South Dakota;lime hierarchy;Bedfordshire;Senior;Coordinator program;2020-07-19;2020-07-19;Sleek Wooden Keyboard Fantastic Metal Pants;parsing Yuan Renminbi Maine;solutions;2020-07-19;Jersey bluetooth optical;2020-07-19;calculating Kansas
7;Architect;Guyana Dollar morph Facilitator;calculating Trace;6008;primary Books calculate;Sausages;sensor;30259;optimize Key payment;attitude;synergize Phased;Incredible;Extended;generating Regional;Buckinghamshire;Club Quetzal;Intranet;Bike;matrix;envisioneer facilitate Terrace;2020-07-20;2020-07-20;Investor;Coordinator;quantifying ADP Bacon;2020-07-20;Implementation;2020-07-19;systemic Egyptian Pound concept
8;application Movies;Future Chicken New York;methodology Investment Account utilize;51333;empower quantifying hard drive;Intranet synergistic Supervisor;invoice indexing B2C;15886;Jewelery 24 hour;back-end;Licensed Cotton Shoes Cambridgeshire SSL;Open-source software cohesive;Chilean Peso Unidades de fomento Associate;haptic deposit;Handcrafted Cotton Shoes Baby Executive;digital;Oregon Turnpike;Wooden Awesome Wooden Chair Jewelery;Distributed Cambridgeshire;New Jersey violet;2020-07-20;2020-07-20;Luxembourg;Home Loan Account neural Wallis and Futuna;integrated Handcrafted invoice;2020-07-19;Producer Balanced;2020-07-19;Lead USB
9;generating;Cape Verde Visionary Movies;Customer content;38760;zero defect;one-to-one Beauty;EXE South Carolina;13800;Money Market Account Incredible Concrete Mouse;interfaces white;Savings Account Savings Account;Outdoors;benchmark;challenge driver;Clothing Communications invoice;efficient;Personal Loan Account;Garden;Practical Rubber Towels bypassing JBOD;Identity;2020-07-20;2020-07-20;homogeneous Credit Card Account Pants;Toys Estonia Mews;program Wooden bricks-and-clicks;2020-07-20;haptic Pizza calculate;2020-07-20;user-facing
10;empower;foreground metrics;Lake;79373;Awesome;calculate upward-trending sexy;transitional cross-platform;28505;Netherlands Antillian Guilder;Ergonomic Plastic Chips Fantastic;TCP harness Alabama;invoice;invoice;Practical Frozen Fish Ridges Berkshire;HDD bluetooth toolset;Latvian Lats integrated Madagascar;Prairie Mouse protocol;streamline Chips Global;override Table Intelligent;synthesizing Home Loan Account systemic;2020-07-19;2020-07-19;Unbranded Wooden Car;calculating interface driver;Liaison Berkshire;2020-07-19;Sports matrix JSON;2020-07-19;Bedfordshire
