id;senmat;quacod;sennomuse;sennompat;sennommar;sennomtec;senprenomuse;senprenomciv;sendatnai;senlienai;sendatdec;etasencod;sendespro;pcscod;catprocod;senrngprt;sengrppolcodcou;sengrppolliccou;sentypappcou;sencomcodcou;sencomliccou;sencirnumcou;sencircou;senburliccou;senema;sennumtelsen;sendiplome;sendecora;sendatpreele;indid;sennomusecap;senpagper;senrngprtcod;parpolorgcod;senliedec;sendptnumnai;sendptnumdec;senauttra;senlog;sencrinom;senfem;senautema;senautgrpsen;senautpagper;sennbrque;sennomdis;numsen;sennumsie;sennbrvid;sennomdit;titnobcod
1;Cross-group Shoes;Web Mexico SAS;Wallis and Futuna Auto Loan Account parse;generate multi-byte compressing;background Metal Frozen;solution Triple-buffered teal;Buckinghamshire transform;Checking Account Handcrafted feed;2020-07-19;Chief;2020-07-19;next-generation Applications;back-end;interfaces;Gorgeous optimize;78480;Health solution calculating;Pants Games Riel;invoice;eyeballs indexing;SMS;80555;purple parse Direct;transform;hard drive USB;monitor Dynamic;Unbranded Tactics Summit;contingency Refined Rubber Pants hardware;2020-07-19T13:05:44;12405;Bedfordshire protocol incremental;system;Computers;web-enabled;synergize Awesome virtual;4828;63141;transparent;withdrawal overriding local;Auto Loan Account bandwidth;neural Money Market Account e-business;Response South Carolina;Customer Spring directional;Investor programming;10178;Plastic Developer withdrawal;magenta;67134;27967;Outdoors;24/7
2;4th generation Lek Tasty Frozen Gloves;Wisconsin Toys;white Focused;Fantastic Wooden Shirt HTTP Massachusetts;Incredible Danish Krone Programmable;Borders deposit;program Adaptive;bypassing;2020-07-19;redefine;2020-07-20;out-of-the-box Incredible Concrete Table value-added;Refined Steel Keyboard instruction set;Concrete Future-proofed;Haiti;23916;Grocery Shirt;functionalities Ergonomic Comoros;yellow methodologies functionalities;card;Kip;95388;Concrete hard drive;Missouri International;Cambridgeshire Product Dynamic;Applications Manors protocol;virtual parallelism;Arkansas;2020-07-19T21:20:51;6530;Incredible;Awesome Steel Mouse;Intelligent Wooden Shirt invoice Kiribati;input partnerships;ivory;25795;57636;Buckinghamshire connect;Tasty Cambridgeshire input;connecting matrices quantifying;Borders optical open-source;Steel;Illinois Associate;Quetzal Future Rwanda Franc;42308;executive recontextualize;Buckinghamshire;24281;68994;web-readiness Saint Barthelemy AGP;Crossing optimizing
3;invoice quantifying;Table Directives calculate;parsing;PCI disintermediate;Ergonomic Berkshire Metal;Montenegro Canadian Dollar;feed protocol;leverage;2020-07-19;solid state Convertible Marks Horizontal;2020-07-19;Intelligent strategize client-driven;Glen Bike wireless;virtual Som Cliffs;object-oriented Central;48101;methodologies;Specialist Croatian Kuna COM;Buckinghamshire Sports;Wooden Gorgeous Frozen Ball;invoice engage deposit;46918;Shoes;synthesize;Architect firewall Madagascar;Factors radical Berkshire;Berkshire primary Cross-platform;markets Delaware Legacy;2020-07-19T18:21:24;69295;Licensed bypassing;Intelligent Steel Chicken system Pizza;platforms Bike driver;Tasty;Analyst Baby;16836;5654;Granite sexy withdrawal;Chicken;Tuna Future bandwidth-monitored;applications;Riel invoice;compelling Gloves;eyeballs Generic Granite Chips;35749;Integration initiative Timor-Leste;olive Trace Macao;21827;63469;asymmetric;Pataca
4;bypass;Uganda Gibraltar infrastructures;Cambridgeshire;hacking;Gloves Vermont azure;withdrawal hack;deposit;solutions;2020-07-19;SMTP interface deposit;2020-07-20;Tasty Plastic Gloves Gorgeous Gorgeous;Chair;Harbors;Home Loan Account Garden Fantastic Fresh Pants;51968;CSS;Open-architected Branding;efficient cross-media;throughput initiatives Ergonomic;grow Tasty Wooden Gloves;8825;Avon teal;Liechtenstein system Gloves;Tunnel;Steel;Open-architected;synergies;2020-07-19T22:41:32;16169;Rustic Tools;parsing;project Steel;Central directional;Loaf vortals Licensed Soft Towels;94417;40744;optimize;monetize platforms bypass;e-business;hack Slovenia;transitional Concrete Auto Loan Account;generating;Lesotho District;47396;Berkshire;Handcrafted Rufiyaa;11326;68059;architecture purple Bike;National iterate data-warehouse
5;maroon Hat;next generation teal transmit;sky blue;e-tailers;Architect;Small Plastic Ball redundant;neural New York Gibraltar Pound;Awesome Rubber Pants;2020-07-19;Persistent solutions THX;2020-07-19;markets;PNG;District Liberia neural-net;leading-edge;52584;Plain withdrawal;target Nevada;Som;Somalia HTTP;portals;60395;Israel Botswana distributed;Berkshire;compressing 3rd generation;payment transmit;Tokelau;Practical USB;2020-07-19T11:33:03;16432;Chief;Future International;Outdoors;Zloty invoice local area network;Director;21281;44861;Personal Loan Account;Forges e-commerce;hacking;Self-enabling;invoice PNG;facilitate quantify;Berkshire Singapore;91694;Program Identity Oklahoma;haptic Oregon Direct;21035;93302;quantifying explicit;Generic Orchestrator
6;channels grey Islands;Table transmit;Cambridgeshire Infrastructure transmitting;Tasty Balanced mobile;back-end backing up California;Associate;Trace;Colorado firewall Functionality;2020-07-19;Garden;2020-07-19;Home Loan Account Avon;Trinidad and Tobago Dollar;open-source feed;Montserrat architect;53582;Berkshire;capability;connect Generic Frozen Tuna EXE;Games web services benchmark;Plastic Integration;9291;index applications;Gorgeous;quantifying;violet 24/7 compressing;moderator;whiteboard;2020-07-19T09:43:03;9852;Democratic People's Republic of Korea;SMTP International Metal;Human compress;Toys;digital Awesome Steel Pants neural;54038;8018;payment copy;Applications Savings Account generate;innovate;Fresh Customer;Nepal Maine PCI;Avon productivity olive;Buckinghamshire input Home Loan Account;1797;niches Home Loan Account interactive;Pants;33954;28242;Group Rubber Executive;Licensed Jewelery
7;Gloves;North Dakota Beauty transform;orchid Synergized Table;Home Loan Account California;New York Bike Fresh;Division internet solution copying;Denar Money Market Account Auto Loan Account;syndicate e-commerce cultivate;2020-07-20;Incredible;2020-07-19;ADP context-sensitive Regional;rich;sensor out-of-the-box;product;90660;payment Cambridgeshire;online Home Loan Account Developer;Rhode Island;open-source Keyboard Frozen;neural-net mint green;10614;Central;Investment Account Causeway;synergize;pixel functionalities mission-critical;navigate success incubate;parsing;2020-07-19T09:54:28;52726;content;Credit Card Account Strategist;Rhode Island invoice;Dynamic collaboration;markets Somali Shilling Berkshire;63189;22468;solutions synthesize;Handmade;Soft platforms Corporate;interactive;Buckinghamshire;Home virtual;parsing index Handmade Plastic Chair;62601;Armenian Dram synthesizing human-resource;SQL;22309;55427;Credit Card Account Practical Handcrafted Plastic Chips;deposit
8;Australian Dollar Kansas;reboot;Cambridgeshire SMS Unbranded Frozen Ball;Slovakia (Slovak Republic) Saint Barthelemy;fuchsia;function Director European Unit of Account 17(E.U.A.-17);pink;Grocery Auto Loan Account Steel;2020-07-19;Somali Shilling;2020-07-20;Kuwaiti Dinar core;Music overriding;Field;National whiteboard discrete;16612;alarm;SDD;moratorium;Steel Eritrea;Rustic Corporate;7292;back up visualize;payment Table knowledge user;Clothing 1080p Organic;Developer;Legacy withdrawal JBOD;cohesive extensible;2020-07-19T12:51:00;89584;expedite Denar;conglomeration navigate;West Virginia;Licensed Maine synergize;reboot;91749;59632;Tasty overriding overriding;monitoring deposit Tuna;Philippines;transparent quantify;partnerships mobile Automated;synthesize back-end input;Ethiopia;51946;Multi-lateral;content SAS;31849;23221;Grenada;Checking Account Right-sized
9;Cloned Function-based Sports;multi-tasking navigating Mount;applications embrace;Intelligent Granite Mouse;Gloves Forge users;non-volatile;product back-end;Towels GB Ports;2020-07-20;Consultant Agent;2020-07-20;Handcrafted Cotton Car;National deploy Metal;knowledge base;Hat Lead XML;16387;granular Michigan;Savings Account;connecting;Ergonomic Soft Bacon matrix Moldovan Leu;copying;9396;Plastic Accountability;Metrics Fresh matrix;Shoes Regional Cheese;communities;Legacy;ubiquitous mission-critical;2020-07-20T07:52:15;52808;backing up disintermediate;help-desk Designer;monitor Cross-group;hacking Vista Facilitator;Interactions;79682;89185;Legacy Assistant Books;Forint e-business;bluetooth Cambridgeshire Agent;Ridges reboot Frozen;Missouri Tasty Fresh Salad Web;connect interactive;Steel Factors Slovenia;77268;invoice Books;markets;95543;48923;copying;convergence markets withdrawal
10;Generic Frozen Cheese Bahraini Dinar;Union syndicate purple;Specialist Usability Representative;Michigan Optimized Dynamic;Clothing Handcrafted Metal Table;invoice;Small Granite Gloves Dam International;Berkshire Syrian Pound 24/7;2020-07-20;Buckinghamshire function HTTP;2020-07-20;Specialist;Enhanced disintermediate Automotive;maximized Team-oriented;solid state Licensed Rubber Salad ubiquitous;80824;Horizontal;Agent Coordinator;turquoise;Executive Shirt Fresh;parse port;40201;SMTP;Vista Pataca;global logistical;Refined Concrete Sausages Awesome card;leverage conglomeration;program Assurance;2020-07-20T03:28:59;11237;Money Market Account Wooden Uganda Shilling;Dynamic invoice Bolivia;web-readiness Run Polarised;disintermediate product United States Minor Outlying Islands;PCI holistic Shoes;21222;77844;vortals Computers;Credit Card Account;success;Delaware Fiji channels;Ergonomic Louisiana next-generation;flexibility Orchestrator;lime;9594;Bedfordshire Place Bedfordshire;Brand Solutions Avon;96792;47202;Montana synergistic;Licensed
